name,research_field,topic
Taylor Reed,Biodiversity Synthesis,Integrative Modeling of Multi‑Taxon Functional Traits to Predict Ecosystem Resilience Under Climate Change
Riley Jain,Biodiversity Economics,Quantifying the Economic Valuation of Pollinator-Driven Ecosystem Services under Climate Change Scenarios
Taylor Adams,Biodiversity Conservation,Integrative Landscape Genomics for Enhancing Adaptive Capacity of Threatened Plant Species under Climate Change】
Devon Thomas,Biodiversity & People,Integrating Traditional Ecological Knowledge and Genomic Data to Model Human-Driven Resilience in Agro‑Forest Biodiversity Landscapes
Alex Lee,Biodiversity in the Anthropocene,"Integrating Genomic, Functional, and Landscape Approaches to Assess Resilience of Pollinator Communities Under Climate‑Driven Land‑Use Change in the Anthropocene"
Riley Rivera,Biodiversity & People,Assessing the Socio‑Ecological Impacts of Urban Green Infrastructure on Biodiversity Resilience and Human Well‑Being
Skyler O'Hara,Theory in Biodiversity Science,Integrative Theoretical Models of Multiscale Species Coexistence in Heterogeneous Ecosystems
Robin Jain,Species Interaction Ecology,Network Dynamics of Mutualistic Interactions under Climate Change: Integrating Trait‑ and Phylogeny‑Based Approaches in Plant‑Pollinator Communities
Devon Kumar,Biodiversity & People,Evaluating Community-Led Agroforestry as a Dual Strategy for Biodiversity Conservation and Socioeconomic Resilience: An Integrative Approach within Human–Nature Systems
Sam Thomas,Experimental Interaction Ecology,Experimental Manipulation of Plant‑Pollinator Network Dynamics Under Climate Change: An Integrative Approach to Biodiversity Resilience
Jamie Patel,Biodiversity in the Anthropocene,Functional Trait Dynamics of Urban Plant Communities: Implications for Biodiversity Resilience in the Anthropocene
Bailey Garcia,Biodiversity Conservation,"Integrating Genomic, Landscape, and Socio‑Economic Data to Optimize Conservation Prioritization under Climate Change"
Sydney Garcia,Experimental Interaction Ecology,Experimental Dissection of Multi‑Trophic Interaction Networks: Linking Functional Traits to Ecosystem Resilience under Climate Change
Cameron Campbell,Biodiversity Synthesis,Integrative Modelling of Species Interaction Networks and Functional Trait Syndromes to Forecast Biodiversity Responses under Climate Change
Jordan Brooks,Theory in Biodiversity Science,"Integrative Theoretical Models of Community Assembly: Linking Functional Trait Networks, Phylogenetic Structure, and Multidimensional Environmental Change"
Taylor Clark,Biodiversity Conservation,"Integrating Genomics, Landscape Ecology, and Socioeconomic Indicators to Optimize Adaptive Conservation Strategies for Endemic Species under Climate Change"
Skyler Singh,Experimental Interaction Ecology,Experimental Manipulation of Multitrophic Interaction Networks to Elucidate Biodiversity Responses under Climate Change
Devon O'Hara,Biodiversity Conservation,"Integrating Genomic, Landscape, and Socio‑Economic Data to Prioritize Climate‑Resilient Protected Areas for Biodiversity Conservation"
Jordan Jain,Biodiversity Synthesis,Integrative Modeling of Functional Trait Evolution and Ecosystem Service Delivery Across Global Biodiversity Gradients
Morgan Jain,Biodiversity Conservation,"Integrating Genomic, Landscape, and Socioeconomic Data to Optimize Adaptive Management Strategies for Threatened Pollinator Communities"
Sydney Kumar,Species Interaction Ecology,Integrating Network Theory and Functional Trait Diversity to Predict the Resilience of Plant–Pollinator Interactions under Climate Change
Cameron Chen,Experimental Interaction Ecology,Manipulating Multi‑Trophic Interaction Networks: Experimental Approaches to Predict Ecosystem Resilience under Climate Change
Cameron O'Hara,Biodiversity Synthesis,"Integrating Genomic, Trait, and Environmental Data to Model Global Functional Biodiversity Loss under Climate Change}"
Morgan Campbell,Biodiversity Economics,Integrating Market Mechanisms and Ecosystem Service Valuation: A Comparative Economic Framework for Biodiversity Conservation in Agro‑Ecological Landscapes
Skyler Jain,Biodiversity Economics,Valuing Ecosystem Services: An Integrated Economic Framework for Assessing Biodiversity Trade‑offs in Agricultural Landscapes
Charlie Clark,Biodiversity Synthesis,Integrative Modelling of Global Biodiversity Patterns Using Trait‑Based Synthesis and Machine‑Learning Approaches
Skyler Jain,Experimental Interaction Ecology,Experimental Dissection of Multitrophic Interaction Networks under Climate Change: Linking Functional Traits to Biodiversity Resilience
Jordan Jain,Biodiversity & People,Integrating Traditional Ecological Knowledge and Genomic Tools to Assess Adaptive Capacity of Pollinator Communities in Agroecosystems
Bailey Clark,Biodiversity Synthesis,Integrative Modelling of Species Interactions and Functional Traits to Predict Biodiversity Responses under Climate Change
Morgan O'Hara,Experimental Interaction Ecology,Experimental Dissection of Multi‑Trophic Interaction Networks: Linking Plant–Herbivore–Microbe Dynamics under Climate Change
Casey Flores,Physiological Diversity,Integrative Assessment of Adaptive Physiological Diversity: Linking Thermal Tolerance Plasticity to Genomic and Ecosystem Resilience in Terrestrial Plant Communities
Charlie Patel,Biodiversity Synthesis,Integrative Modeling of Species Interaction Networks for Predicting Biodiversity Responses to Climate Change
Avery Jain,Theory in Biodiversity Science,Integrative Theoretical Framework for Predicting Species Coexistence under Multiscale Environmental Heterogeneity
Skyler Kumar,Physiological Diversity,Integrative Physiological Mechanisms Driving Plant Adaptation to Climate Extremes Across Global Biodiversity Hotspots
Devon Clark,Experimental Interaction Ecology,Experimental Manipulation of Multitrophic Interactions under Climate Change: Implications for Ecosystem Resilience
Riley Patel,Theory in Biodiversity Science,Integrative Modeling of Multi‑Scale Species Interactions: A Theoretical Framework for Predicting Biodiversity Dynamics under Global Change
Dana Lee,Biodiversity & People,Linking Urban Green Infrastructure to Biodiversity Conservation and Human Well‑Being: A Multi‑Scale Socio‑Ecological Assessment
Taylor Patel,Biodiversity Economics,Economic Valuation of Biodiversity: Developing Integrated Market and Non‑Market Instruments for Sustainable Conservation in Multi‑Use Landscapes
Robin Campbell,Biodiversity Conservation,Integrative Modeling of Socio‑Ecological Resilience: Predicting Conservation Outcomes under Climate‑Driven Land‑Use Change in Biodiversity Hotspots
Sydney Clark,Species Interaction Ecology,Integrating Network Theory and Functional Traits to Predict Climate‑Driven Shifts in Plant‑Pollinator Interaction Networks
Kris Kumar,Theory in Biodiversity Science,Integrative Theoretical Framework for Predicting Community Assembly Dynamics under Climate Change
Alex Garcia,Theory in Biodiversity Science,Integrative Theoretical Models of Community Assembly and Functional Diversity Dynamics under Global Change Scenarios
Jamie Liu,Biodiversity Conservation,"Integrating Genomic, Landscape, and Socioeconomic Data to Optimize Conservation Strategies for Endemic Plant Species under Climate Change"
Dakota Thomas,Biodiversity Economics,Economic Valuation of Functional Biodiversity: Integrating Ecosystem Service Markets with Indigenous Knowledge for Sustainable Conservation
Charlie Reed,Biodiversity Synthesis,"Integrative Modeling of Phylogenetic, Functional Trait, and Genomic Data to Predict Biodiversity Responses under Global Change"
Kris Chen,Theory in Biodiversity Science,Quantitative Frameworks for Predicting Community Assembly under Climate‑Driven Functional Trait Shifts
Taylor Singh,Theory in Biodiversity Science,Integrating Functional Trait Networks and Spatial Dynamics to Predict Biodiversity Resilience under Climate Change
Reese O'Hara,Biodiversity Economics,Economic Valuation of Functional Biodiversity: Integrating Ecosystem Services into Market-Based Conservation Strategies
Cameron Chen,Theory in Biodiversity Science,Integrative Theoretical Models for Predicting Spatiotemporal Biodiversity Dynamics under Multi‑Stress Climate Change Scenarios
Kris Reed,Experimental Interaction Ecology,Experimental Manipulations of Multi‑Species Plant–Pollinator Networks to Uncover Mechanisms of Community Resilience under Climate Change
Dana Reed,Biodiversity Conservation,"Integrating Genomic, Landscape, and Socioeconomic Approaches to Enhance Conservation Strategies for Keystone Species in Fragmented Ecosystems"
Cameron Singh,Biodiversity in the Anthropocene,Integrative Assessment of Anthropogenic Drivers Shaping Functional and Phylogenetic Biodiversity in Urban Ecosystems
Jordan Jain,Biodiversity Conservation,Integrating Genomics and Landscape Ecology to Optimize Conservation Strategies for Endemic Species under Climate Change
Morgan Flores,Biodiversity Conservation,"Integrating Genomic, Landscape, and Socio‑economic Data to Prioritize Climate‑Resilient Conservation Corridors for Endemic Species in Fragmented Habitats"
Skyler Patel,Biodiversity Economics,Economic Valuation of Biodiversity: Integrating Ecosystem Service Metrics and Market Mechanisms to Strengthen Conservation Policy 
Skyler Chen,Biodiversity Synthesis,Integrative Modeling of Functional Trait Diversity Across Multiscale Ecosystems: A Synthesis Approach
Kris Campbell,Physiological Diversity,Linking Intraspecific Physiological Trait Variation to Species Coexistence Across Elevational Gradients in Tropical Forests
Casey Adams,Biodiversity in the Anthropocene,Integrating Genomic and Remote Sensing Data to Quantify Functional Biodiversity Shifts under Anthropogenic Land‑Use Change in the Anthropocene
Dakota Clark,Experimental Interaction Ecology,Experimental Dissection of Multi‑Species Interaction Networks under Climate Change: Linking Trait‑Mediated Effects to Biodiversity Resilience
Charlie Rivera,Species Interaction Ecology,Multiscale Network Modeling of Plant–Pollinator Interactions Under Climate Change: Integrating Functional Traits and Genomic Data
Taylor Jain,Biodiversity in the Anthropocene,Integrative Genomic and Landscape Approaches to Predicting Species Resilience under Anthropogenic Climate Change
Morgan Liu,Biodiversity & People,Integrating Traditional Ecological Knowledge and Genomic Data to Enhance Adaptive Management of Biodiversity in Human‑Dominated Landscapes
Devon Adams,Biodiversity in the Anthropocene,Integrative Modeling of Species Interactions and Functional Resilience in Anthropogenic Landscapes: A Multi-Scale Approach to Predicting Biodiversity Futures
Devon Jain,Biodiversity & People,Assessing the Socio‑Ecological Impacts of Urban Green Infrastructure on Biodiversity and Human Well‑Being: An Integrative Framework for Policy and Practice
Morgan Smith,Biodiversity in the Anthropocene,Integrating Remote Sensing and Environmental DNA to Quantify Functional Biodiversity Shifts in Anthropogenically Altered Landscapes
Morgan Smith,Experimental Interaction Ecology,"Experimental Dissection of Multi‑Trophic Interaction Networks: Linking Functional Traits, Environmental Variability, and Biodiversity Outcomes"
Morgan Rivera,Biodiversity in the Anthropocene,Adaptive Capacity of Tropical Plant Communities to Climate‑Driven Land‑Use Change in the Anthropocene
Jamie Flores,Biodiversity in the Anthropocene,Integrative Genomic‑Eco‑Societal Modelling of Species Resilience to Climate Change in the Anthropocene
Skyler Patel,Species Interaction Ecology,Network Dynamics of Multi‑Trophic Mutualisms: Integrating Temporal and Spatial Scales to Predict Biodiversity Resilience
Riley Flores,Physiological Diversity,"Integrative Omics of Thermal Tolerance: Linking Metabolic Plasticity, Gene Regulation, and Species Distribution in Alpine Plant Communities"
Casey Garcia,Biodiversity Conservation,Integrative Landscape Genomics and Socio‑Ecological Modeling for Enhancing Adaptive Conservation Strategies in Fragmented Biodiversity Hotspots.
Robin Davis,Physiological Diversity,Integrative Physiology of Climate‑Driven Phenotypic Plasticity in Alpine Plant Communities
Robin Brooks,Biodiversity & People,Socio‑Ecological Dynamics of Urban Green Spaces: Integrating Biodiversity Conservation and Human Well‑Being in Community Landscapes
Taylor Smith,Physiological Diversity,Integrative Trait-Physiology of Alpine Plant Species under Climate Change: Linking Genomic Variation to Functional Adaptations
Bailey Garcia,Biodiversity in the Anthropocene,"Integrating Genomics, Functional Traits, and Landscape Dynamics to Assess Invertebrate Biodiversity Resilience under Climate‑Driven Land‑Use Change in the Anthropocene"
Casey O'Hara,Theory in Biodiversity Science,Integrative Theoretical Modelling of Biodiversity Dynamics under Multi‑Stressor Global Change Scenarios
Charlie Patel,Physiological Diversity,Linking Functional Trait Plasticity to Climate Resilience: A Multi‑Species Comparative Study of Plant Water‑Use Physiology Across Alpine Biodiversity Hotspots
Sam Kumar,Species Interaction Ecology,Predicting Cascading Effects of Climate-Driven Phenological Shifts on Multitrophic Plant–Pollinator–Herbivore Networks
Riley Lee,Species Interaction Ecology,Integrative Modeling of Multi‑Trophic Network Dynamics to Predict Climate‑Driven Shifts in Plant–Pollinator and Herbivore Interactions Across Fragmented Landscapes
Skyler Garcia,Biodiversity & People,Integrating Traditional Ecological Knowledge and Socio‑Ecological Modelling to Enhance Biodiversity Resilience in Human‑Dominated Landscapes
Skyler Reed,Biodiversity Conservation,Integrative Genomic and Landscape Modeling of Climate‑Resilient Corridors for Endemic Species Conservation in Fragmented Biodiversity Hotspots
Riley Chen,Physiological Diversity,Physiological Trait Plasticity and Ecosystem Resilience: An Integrative Multi‑Scale Analysis Across Climatic Gradients
Dana Flores,Biodiversity in the Anthropocene,Functional Trait Resilience of Urban Pollinator Communities under Climate Change and Land‑Use Intensification in the Anthropocene
Sydney Smith,Biodiversity Economics,Economic Valuation of Pollinator Services in Agricultural Landscapes: Integrating Biodiversity Metrics with Market‑Based Conservation Instruments
Sydney Reed,Physiological Diversity,Thermal Tolerance Plasticity and Evolutionary Trajectories of Alpine Plant Communities under Climate Change
Jamie Brooks,Biodiversity Synthesis,Integrative Synthesis of Functional and Phylogenetic Diversity Metrics to Predict Ecosystem Resilience under Climate Change
Robin Adams,Species Interaction Ecology,"Integrative Network Modeling of Multi-Trophic Species Interactions under Climate Change: Bridging Functional Traits, Phylogeny, and Landscape Dynamics"
Avery O'Hara,Biodiversity Synthesis,"Integrating Multi‑Omics, Trait Databases, and Remote Sensing to Model Global Biodiversity Patterns and Predict Climate‑Driven Shifts."
Casey Smith,Theory in Biodiversity Science,"Integrative Spatiotemporal Modeling of Biodiversity Patterns: A Unified Theoretical Framework Linking Species Interactions, Evolutionary History, and Environmental Change"
Bailey Smith,Biodiversity & People,Assessing the Socio‑Ecological Impacts of Urban Green Infrastructure on Biodiversity Resilience and Human Well‑Being
Devon Flores,Theory in Biodiversity Science,"Integrative Network Models of Evolutionary Dynamics: Linking Species Interactions, Landscape Heterogeneity, and Climate Change in Biodiversity Theory"
Kris Chen,Biodiversity & People,Ecosystem Services and Cultural Resilience: Assessing the Role of Traditional Knowledge in Biodiversity Conservation Across Rural‑Urban Gradients
Kris Lee,Biodiversity Economics,Valuing Ecosystem Services: An Integrated Economic Framework for Biodiversity Conservation in Climate‑Resilient Agroforestry Systems
Morgan Jain,Physiological Diversity,Thermal Plasticity and Metabolic Scaling Across Alpine Plant Species: An Integrative Physiological and Genomic Approach
Taylor Gonzalez,Biodiversity in the Anthropocene,Assessing Functional Trait Shifts and Ecosystem Resilience of Temperate Forests under Multi‑Stressors in the Anthropocene
Devon Campbell,Biodiversity & People,Cultural Ecosystem Services and Adaptive Management: Integrating Indigenous Knowledge to Enhance Biodiversity Resilience in Urban–Rural Interface Landscapes
Reese Lee,Physiological Diversity,Trait-Based Modeling of Thermal Tolerance Plasticity Across Alpine Plant Species Under Climate Change
Devon Gonzalez,Theory in Biodiversity Science,Integrative Theoretical Framework for Predicting Multi‑Scale Biodiversity Responses to Climate‑Driven Multi‑Stressor Scenarios
Bailey Kumar,Biodiversity in the Anthropocene,Integrative Genomic and Functional Trait Approaches to Predicting Species Resilience under Rapid Anthropogenic Climate Change
Bailey Jain,Biodiversity Synthesis,Integrative Modeling of Functional Trait Networks to Predict Ecosystem Resilience under Global Change
Sydney Patel,Biodiversity Synthesis,Integrative Modeling of Functional Trait Networks to Predict Community Resilience under Multi‑Stress Climate Scenarios
Charlie Liu,Biodiversity Conservation,"Integrating Genomics, Landscape Ecology, and Socio‑Economic Drivers to Prioritize Conservation Actions for Threatened Endemic Species in Fragmented Habitats"
Alex Brooks,Biodiversity Conservation,Integrating Genomic and Landscape Approaches to Prioritize Conservation Actions for Threatened Species under Climate Change
Morgan Adams,Biodiversity in the Anthropocene,Functional Resilience of Pollinator Networks under Climate and Land‑Use Change in the Anthropocene
Kris Kumar,Biodiversity Economics,Economic Valuation of Species Diversity: Integrating Market Mechanisms and Conservation Outcomes in Multiscale Biodiversity Policy Frameworks
Cameron Lee,Biodiversity in the Anthropocene,Functional Resilience of Urban Pollinator Networks under Climate‑Driven Land‑Use Change in the Anthropocene
Cameron Singh,Biodiversity Economics,Valuing Ecosystem Services: Integrating Market Mechanisms and Indigenous Knowledge for Sustainable Biodiversity Conservation in Agroforestry Landscapes
Charlie Adams,Biodiversity Synthesis,Integrative Modelling of Multi‑Scale Species Interactions to Predict Biodiversity Responses under Global Change
Reese Rivera,Biodiversity & People,Narratives of Coexistence: Community Storytelling as a Tool for Integrative Biodiversity Conservation
Skyler Singh,Biodiversity Conservation,Integrating Landscape Genomics and Socio‑Ecological Modeling to Optimize Conservation Strategies for Threatened Keystone Species in Fragmented Habitats
Avery Kumar,Biodiversity Conservation,Integrative Genomic and Landscape Modelling of Keystone Species for Adaptive Biodiversity Conservation under Climate Change
Taylor Adams,Biodiversity Economics,Integrating Economic Valuation and Genetic Diversity: A Framework for Optimizing Biodiversity Conservation Investments
Jamie Singh,Biodiversity in the Anthropocene,Integrative Multi-omics and Remote Sensing Approaches to Quantify Functional Biodiversity Shifts in Urban Ecosystems under Anthropogenic Climate Change
Bailey O'Hara,Biodiversity Synthesis,Integrative Trait–Phylogeny Synthesis for Predictive Modeling of Global Biodiversity Patterns Across Temporal Scales
Kris Flores,Biodiversity Synthesis,Integrative Modeling of Species Interactions and Functional Traits to Predict Community Resilience under Climate Change
Jordan Lee,Physiological Diversity,Linking Plant Hydraulic Traits to Climate Resilience: An Integrative Physiological Approach across Global Biodiversity Hotspots
Jamie Smith,Biodiversity & People,Integrating Traditional Ecological Knowledge and Genomic Data to Co‑Design Community‑Based Conservation Strategies for Threatened Species
Avery Kumar,Biodiversity Economics,Valuing Ecosystem Services: An Integrated Economic Framework for Biodiversity Conservation under Climate Change
Charlie Adams,Physiological Diversity,Integrative Metabolomic and Transcriptomic Analyses of Climate‑Driven Physiological Plasticity in Alpine Plant Communities
Skyler Reed,Biodiversity Conservation,Integrative Genomics and Landscape Ecology for Adaptive Conservation Strategies of Threatened Pollinator Communities
Morgan Patel,Theory in Biodiversity Science,A Unified Theoretical Framework for Predicting Multiscale Biodiversity Responses to Anthropogenic Disturbances
Jordan Davis,Theory in Biodiversity Science,Integrative Theoretical Framework for Predicting Community Assembly under Climate Change: A Multi‑Scale Network Approach
Avery Thomas,Biodiversity Economics,Valuing Ecosystem Services: An Integrated Economic Framework for Assessing Biodiversity Loss in Agro‑Forestry Landscapes
Jordan Singh,Experimental Interaction Ecology,Functional Trait-Mediated Plant‑Pollinator Interaction Networks under Climate Change: Experimental Approaches to Predicting Biodiversity Resilience
Jordan Davis,Biodiversity in the Anthropocene,Assessing Functional Resilience of Urban Pollinator Networks under Climate Change and Land-Use Intensification in the Anthropocene
Riley Garcia,Experimental Interaction Ecology,Experimental Dissection of Multi‑Trophic Interaction Networks under Climate‑Driven Habitat Fragmentation
Skyler Thomas,Biodiversity Economics,Valuing Ecosystem Services: Integrating Market and Non‑Market Mechanisms to Finance Biodiversity Conservation in Agricultural Landscapes
Riley Chen,Biodiversity Economics,Integrating Economic Valuation of Ecosystem Services with Genetic Diversity Metrics: A Multi‑Scale Framework for Biodiversity Conservation Policy
Robin Reed,Biodiversity Economics,Valuing Ecosystem Services: Integrating Economic Valuation Methods with Biodiversity Conservation Strategies in Agricultural Landscapes
Bailey Thomas,Biodiversity in the Anthropocene,Integrative Genomic and Landscape Approaches to Assessing Species Resilience under Anthropogenic Climate Change
Jamie Chen,Biodiversity Conservation,Integrating Landscape Genomics and Socio‑Ecological Modeling to Predict Climate‑Resilient Strategies for Endemic Species Conservation in Fragmented Habitats
Sydney Smith,Species Interaction Ecology,Network Dynamics of Plant–Pollinator Interactions under Climate‑Induced Phenological Shifts
Riley O'Hara,Species Interaction Ecology,Network Dynamics of Multi‑Trophic Species Interactions under Climate Change: An Integrative Empirical and Computational Approach
Cameron Singh,Biodiversity in the Anthropocene,Integrative Assessment of Functional Biodiversity Resilience to Climate‑Driven Land‑Use Change in Urban Anthropocene Landscapes
Riley Reed,Biodiversity in the Anthropocene,Multi‑Scale Assessment of Functional Resilience in Pollinator Networks under Climate‑Driven Land‑Use Change in the Anthropocene
Sydney Liu,Biodiversity Synthesis,Integrative Modelling of Functional Biodiversity and Ecosystem Resilience under Rapid Climate Change
Morgan Kumar,Experimental Interaction Ecology,Disentangling Multispecies Interaction Networks: Experimental Approaches to Context‑Dependent Biodiversity Functions
Kris Clark,Theory in Biodiversity Science,"A Unifying Theoretical Framework for Multi‑Scale Biodiversity Patterns: Integrating Functional, Phylogenetic, and Spatial Dimensions"
Alex Garcia,Biodiversity Synthesis,Integrative Meta-Analyses of Functional Trait Diversity and Ecosystem Resilience Across Global Biogeographic Realms
Sam Gonzalez,Biodiversity Synthesis,Integrative Modelling of Species Interaction Networks to Predict Biodiversity Responses to Global Change
Jordan Garcia,Physiological Diversity,Thermal Tolerance Plasticity and Its Role in Predicting Alpine Plant Species Distribution Shifts Under Climate Change
Cameron Liu,Physiological Diversity,Integrative Multi‑Omics Dissection of Thermal Tolerance Mechanisms Across Alpine Plant Species
Reese Rivera,Biodiversity Conservation,Integrative Genomic and Socio‑Ecological Strategies for Enhancing Landscape‑Scale Biodiversity Conservation under Climate Change
Sydney Gonzalez,Biodiversity in the Anthropocene,Evaluating the Adaptive Capacity of Tropical Plant-Pollinator Networks to Climate and Land-Use Transformations in the Anthropocene
Jamie Smith,Physiological Diversity,Integrative Physiological Mechanisms Driving Drought Resilience in Alpine Plant Communities under Climate Change
Alex Rivera,Theory in Biodiversity Science,Integrating Network Theory and Multi‑Scale Spatial Dynamics to Predict Biodiversity Resilience under Climate Change
Casey Davis,Physiological Diversity,"Linking Thermal Stress Physiology to Community Assembly: A Multi‑Species, Multi‑Scale Analysis of Climate Resilience in Alpine Biodiversity"
Morgan Liu,Experimental Interaction Ecology,Experimental Dissection of Mutualistic Networks: Linking Trait-Mediated Interactions to Community Resilience under Climate Change
Taylor Singh,Theory in Biodiversity Science,Integrative Theoretical Frameworks for Predicting Biodiversity Responses to Multi‑Scale Environmental Change
Dakota Thomas,Experimental Interaction Ecology,Experimental Manipulation of Multi‑Trophic Interactions to Predict Community Resilience under Climate Change
Sydney Singh,Theory in Biodiversity Science,"Towards a Unified Theoretical Framework for Multiscale Biodiversity Dynamics: Integrating Evolutionary, Ecological, and Functional Perspectives"
Avery O'Hara,Physiological Diversity,Integrative Metabolomics and Functional Trait Plasticity: Unraveling Plant Physiological Diversity across Climate Gradients in Alpine Ecosystems
Sydney Chen,Biodiversity Synthesis,Integrative Modelling of Species Interactions: A Synthesis Framework for Predicting Biodiversity Responses to Climate Change
Sydney Adams,Biodiversity & People,Integrating Traditional Ecological Knowledge and Genomic Data to Model Human Impacts on Landscape-Scale Biodiversity Resilience
Dakota Singh,Biodiversity in the Anthropocene,Assessing Adaptive Capacity of Fragmented Ecosystems: Integrative Genomic and Functional Approaches to Biodiversity Conservation in the Anthropocene
Robin Gonzalez,Experimental Interaction Ecology,Experimental Dissection of Multi‑Trophic Interaction Networks Under Climate Change: An Integrative Approach in Interaction Ecology
Charlie Brooks,Species Interaction Ecology,Network Dynamics of Multitrophic Interactions under Climate Change: Integrating Trait‑Based and Phylogenetic Approaches
Casey Rivera,Species Interaction Ecology,Multiscale Network Modeling of Plant–Pollinator Interaction Resilience under Climate Change
Sam Lee,Biodiversity Synthesis,Integrative Modeling of Global Species Interaction Networks to Predict Biodiversity Responses to Climate Change
Kris Campbell,Experimental Interaction Ecology,Experimental Manipulation of Multi‑Species Interaction Networks to Predict Biodiversity Responses under Climate Change
Morgan Jain,Biodiversity Synthesis,Integrative Modelling of Functional and Phylogenetic Diversity to Predict Ecosystem Resilience under Climate Change
Riley O'Hara,Biodiversity Economics,Integrating Economic Valuation of Ecosystem Services with Biodiversity Conservation Priorities: A Multi‑Scale Framework for Sustainable Policy Design
Alex Smith,Biodiversity in the Anthropocene,Integrative Genomic and Landscape Modeling of Species Resilience to Climate‐Driven Anthropogenic Disturbances in the Anthropocene
Dana Campbell,Biodiversity Conservation,"Integrating Genomic, Landscape, and Socioeconomic Data to Optimize Adaptive Management Strategies for Climate-Resilient Biodiversity Conservation in Fragmented Ecosystems"
Charlie Thomas,Biodiversity in the Anthropocene,Integrative Genomic and Landscape Analyses of Adaptive Resilience in Fragmented Temperate Forests under Anthropogenic Climate Change
Sydney Flores,Physiological Diversity,Physiological Trait Plasticity and Adaptive Strategies of Alpine Plant Species Across Elevational Gradients: An Integrative Biodiversity Approach
Riley Patel,Biodiversity & People,Assessing the Socio‑Ecological Impacts of Urban Green Infrastructure on Pollinator Diversity and Community Well‑Being
Taylor Thomas,Biodiversity in the Anthropocene,Integrative Modelling of Multi‑Trophic Resilience: Predicting Biodiversity Trajectories under Climate Change and Human Pressures in the Anthropocene
Sam Rivera,Species Interaction Ecology,Network Dynamics of Multi‑Trophic Mutualisms under Climate‑Driven Phenological Shifts
Jordan Adams,Biodiversity in the Anthropocene,Integrating Genomic Resilience and Landscape Connectivity: Predicting Species Adaptation to Climate and Land‑Use Change in the Anthropocene Biodiversity Crisis
Taylor Brooks,Biodiversity Economics,Integrating Economic Valuation and Genetic Diversity Metrics: A Comprehensive Framework for Biodiversity Conservation Policy
Charlie Rivera,Theory in Biodiversity Science,Integrative Theoretical Frameworks for Predicting Community Assembly under Climate Change: Bridging Trait‑Based Models and Network Theory
Reese Liu,Species Interaction Ecology,Integrating Multi‑modal Network Approaches to Predict Climate‑Driven Shifts in Plant–Pollinator Interaction Networks
Reese Rivera,Physiological Diversity,Integrative Physiology of Trait Plasticity: Assessing Climate Resilience Across Alpine and Lowland Plant Species
Skyler Brooks,Biodiversity Economics,Integrating Economic Valuation of Ecosystem Services with Dynamic Biodiversity Models to Inform Sustainable Policy Decisions
Dana Brooks,Biodiversity Synthesis,Integrating Multi‑Omics and Trait‑Based Modeling to Predict Community Resilience under Climate Change
Riley Kumar,Theory in Biodiversity Science,Integrative Theoretical Modelling of Multi‑Scale Species Interactions and Community Assembly in Heterogeneous Landscapes
Dana Jain,Biodiversity Synthesis,Integrative Modeling of Global Functional and Phylogenetic Biodiversity Patterns Using Multi‑Omics and Remote Sensing Data
Charlie Lee,Biodiversity Synthesis,Integrative Modeling of Functional and Phylogenetic Diversity to Predict Ecosystem Resilience under Global Change
Riley Kumar,Experimental Interaction Ecology,Experimental Manipulation of Multi‑Trophic Interaction Networks to Unravel Biodiversity Responses Under Climate Change
Bailey Adams,Biodiversity Conservation,Integrating Genomic and Socio‑Ecological Data to Optimize Landscape‑Scale Conservation Strategies for Threatened Pollinator Communities
Avery Patel,Biodiversity in the Anthropocene,Functional Trait Shifts in Urban-Adapted Pollinator Communities under Climate Change: An Integrative Assessment for Biodiversity Conservation in the Anthropocene
Sydney Patel,Biodiversity in the Anthropocene,Integrative Genomic and Landscape Analyses of Resilience Mechanisms in Keystone Species under Anthropogenic Climate Change Pressures
Robin Liu,Theory in Biodiversity Science,Integrating Trait-Based and Network Theory to Model Biodiversity Resilience Under Multifactorial Global Change
Charlie Thomas,Biodiversity & People,Cultural Ecosystem Services and Genetic Diversity: Assessing Community‑Driven Conservation Strategies in Agro‑Forest Landscapes across the Global South
Casey Thomas,Physiological Diversity,Adaptive Metabolic Strategies and Thermal Tolerance in Tropical Plant Communities: Integrating Physiological Diversity with Climate Change Projections
Devon Reed,Physiological Diversity,Integrative Mechanisms of Phenotypic Plasticity: Linking Genomic Diversity to Physiological Resilience of Alpine Plant Species under Climate Change
Dana Reed,Experimental Interaction Ecology,"Experimental Dissection of Multi‑Species Interaction Networks: Linking Functional Traits, Environmental Stressors, and Community Resilience in Biodiverse Ecosystems"
Dakota Clark,Physiological Diversity,Linking Functional Trait Variation to Climate Resilience: A Comparative Physiological Analysis Across Alpine Plant Communities
Skyler Adams,Biodiversity in the Anthropocene,Functional Trait Turnover and Ecosystem Resilience under Accelerated Land‑Use Change in the Anthropocene
Dana Jain,Biodiversity Synthesis,"Integrating Genomic, Trait, and Environmental Data to Model Global Plant Community Responses to Climate Change"
Robin Flores,Biodiversity & People,Cultural Keystone Species: Integrating Indigenous Knowledge and Genomic Data to Assess Their Role in Landscape‑Level Biodiversity Resilience
Sydney Liu,Physiological Diversity,Integrative Multi‑Scale Analysis of Plant Physiological Traits Driving Climate Adaptation in Global Biodiversity Hotspots
Sam Brooks,Biodiversity Economics,Valuing Ecosystem Services: Integrating Economic Incentives and Biodiversity Conservation in Agricultural Landscapes
Reese Adams,Biodiversity & People,Assessing the Socio‑Ecological Impacts of Urban Green Infrastructure on Native Pollinator Networks and Community Well‑Being
Sydney Gonzalez,Biodiversity & People,Integrating Traditional Ecological Knowledge and Genomic Data to Assess the Resilience of Agroforestry Systems under Climate Change
Morgan Thomas,Biodiversity Economics,Economic Valuation of Genetic Diversity: Integrating Biodiversity Metrics into Market-Based Conservation Strategies
Charlie Chen,Biodiversity & People,Integrating Traditional Ecological Knowledge and Genomic Data to Model Human Impacts on Pollinator Biodiversity in Agricultural Landscapes
Jamie Clark,Experimental Interaction Ecology,Experimental Dissection of Multi‑Trophic Interaction Networks Under Climate Change: Linking Functional Biodiversity and Ecosystem Resilience
Casey Brooks,Experimental Interaction Ecology,Experimental Investigation of Multi‑Trophic Interaction Networks under Climate‑Driven Habitat Fragmentation
Bailey Clark,Biodiversity Synthesis,"Integrative Modeling of Global Biodiversity Patterns: Synthesizing Phylogenetic, Functional, and Environmental Drivers Across Scales"
Robin Kumar,Biodiversity Conservation,Integrating Socio‑Ecological Indicators for Adaptive Management of Mediterranean Biodiversity Hotspots
Dana Reed,Theory in Biodiversity Science,"A Unified Theoretical Framework for Multi‑Scale Biodiversity Patterns: Integrating Trait Evolution, Species Interactions, and Ecosystem Function"
Jordan Davis,Biodiversity in the Anthropocene,Integrative Modelling of Species Interaction Networks under Climate Change and Urbanization: Implications for Biodiversity Resilience in the Anthropocene
Morgan Smith,Biodiversity & People,Cultural Ecosystem Services and Adaptive Governance: Integrating Traditional Knowledge with Biodiversity Conservation in Rural Landscapes
Riley O'Hara,Biodiversity & People,Cultural Ecosystem Services and Climate Resilience: Integrating Traditional Knowledge into Biodiversity Conservation Strategies in Rural Landscapes
Reese Patel,Biodiversity in the Anthropocene,Ecocritical Narratives of the Anthropocene: Literary Depictions of Biodiversity Loss and Resilience in Contemporary English Fiction
Avery Flores,Biodiversity Conservation,Integrating Landscape Genomics and Socio‑Ecological Modeling for Adaptive Conservation of Fragmented Forest Biodiversity
Devon O'Hara,Species Interaction Ecology,"Integrating Functional Traits, Phylogenetics, and Climate‑Driven Network Dynamics to Predict Resilience in Multitrophic Species Interaction Communities"
Jamie Davis,Biodiversity Economics,Economic Valuation of Pollinator-Dependent Agriculture under Climate Change: Integrating Biodiversity Metrics with Market-Based Conservation Instruments
Reese Campbell,Biodiversity Conservation,Integrating Genomic and Landscape Approaches to Prioritize Conservation Corridors for Endemic Species under Climate Change
Sam Singh,Biodiversity Conservation,"Integrating Genomic, Landscape, and Socio‑Economic Data to Optimize Conservation Strategies for Endemic Species under Climate Change"
Devon Reed,Biodiversity Synthesis,Integrative Meta-Analyses of Global Pollinator Declines: Synthesizing Trait-Based Drivers and Ecosystem Service Impacts Across Biomes
Devon Clark,Physiological Diversity,Integrative Multi‑Omics Dissection of Thermal Tolerance Mechanisms Across Alpine Plant Species Under Climate Change
Casey Lee,Biodiversity in the Anthropocene,"Integrative Assessment of Taxonomic, Functional, and Phylogenetic Diversity Loss in Terrestrial Ecosystems under Accelerating Anthropogenic Pressures"
Taylor Singh,Biodiversity Conservation,"Integrating Genomic, Landscape, and Socio‑Economic Data to Optimize Adaptive Conservation Strategies for Threatened Keystone Species in Fragmented Habitats"
Devon Smith,Experimental Interaction Ecology,Experimental Manipulation of Multi‑Trophic Interaction Networks under Climate Change: Implications for Biodiversity and Ecosystem Function
Skyler Thomas,Experimental Interaction Ecology,Experimental Dissection of Plant‑Pollinator Network Resilience to Climate‑Driven Phenological Shifts
Bailey Reed,Physiological Diversity,Integrative Physiology of Plant Metabolic Plasticity: Linking Intraspecific Trait Variation to Climate Resilience Across Alpine and Tropical Ecosystems
Dana Garcia,Physiological Diversity,Integrative Genomics and Phenotypic Plasticity of Thermal Tolerance across Alpine Plant Communities under Climate Change
Cameron Brooks,Biodiversity Economics,Economic Valuation of Biodiversity-Driven Ecosystem Services: Integrating Multi-Scale Market and Non‑Market Mechanisms for Sustainable Land‑Use Policy
Robin Chen,Theory in Biodiversity Science,Integrating Functional Trait Networks and Phylogenetic Diversity to Predict Ecosystem Resilience under Climate Change
Jamie Campbell,Theory in Biodiversity Science,Integrative Theoretical Framework for Predicting Species Coexistence under Global Change: Linking Functional Trait Networks with Spatiotemporal Biodiversity Dynamics
Dana Brooks,Physiological Diversity,Integrative Analysis of Functional Trait Plasticity and Climate Resilience in Alpine Plant Species: Linking Physiological Diversity to Ecosystem Adaptation
Devon Kumar,Experimental Interaction Ecology,Experimental Dissection of Multi‑Trophic Interaction Networks under Climate Change: Linking Functional Traits to Community Resilience
Riley Lee,Biodiversity Synthesis,Integrative Meta-Analytic Framework for Predicting Ecosystem Functionality Across Global Biodiversity Gradients
Charlie Jain,Species Interaction Ecology,Network Dynamics of Multi‑Trophic Mutualisms: Integrating Trait‑Based Modelling and Empirical Data to Predict Resilience under Global Change
Devon Campbell,Physiological Diversity,Integrative Functional Genomics of Thermal Tolerance: Linking Physiological Diversity to Climate Resilience Across Plant Lineages
Bailey Reed,Species Interaction Ecology,Integrative Network Analysis of Plant–Pollinator Interaction Dynamics under Climate Change Using Functional Traits and Genomic Data
Bailey Chen,Species Interaction Ecology,Integrating Network Theory and Genomic Tools to Elucidate Multi‑Trophic Interaction Dynamics under Climate Change
Casey Davis,Biodiversity Synthesis,Integrating Remote Sensing and eDNA Data to Model Temporal Dynamics of Global Biodiversity Under Climate Change
Bailey Kumar,Biodiversity Synthesis,Integrative Multi‑Omics Modeling of Global Biodiversity Patterns and Ecosystem Resilience under Climate Change
Skyler Reed,Theory in Biodiversity Science,"Multiscale Theoretical Frameworks for Predicting Biodiversity Response to Global Change: Integrating Trait-Based, Phylogenetic, and Spatial Dynamics"
Casey Lee,Biodiversity in the Anthropocene,Integrative Genomic and Remote‑Sensing Approaches to Quantify Species Redistribution and Functional Resilience of Ecosystems in the Anthropocene
Robin Flores,Theory in Biodiversity Science,A Unified Theoretical Framework for Predicting Biodiversity Responses to Multi-Stressor Climate Change Scenarios
Riley Flores,Species Interaction Ecology,Trait-Mediated Indirect Effects and Climate-Driven Rewiring of Plant–Pollinator Interaction Networks Across Environmental Gradients
Charlie Reed,Biodiversity Conservation,Integrating Remote Sensing and Community-Based Monitoring to Evaluate Protected Area Effectiveness Under Climate Change
Dakota Jain,Physiological Diversity,"Integrative Physiology of Plant Trait Plasticity: Linking Genomic, Metabolic, and Ecosystem Responses to Climate Variability Across Biodiverse Regions"
Riley Singh,Experimental Interaction Ecology,Experimental Dissection of Multi‑Trophic Interaction Networks under Climate‑Driven Phenological Shifts
Dana Adams,Theory in Biodiversity Science,Integrative Theoretical Models of Multi‑Scale Biodiversity Dynamics under Rapid Climate Change
Cameron Thomas,Theory in Biodiversity Science,Towards a Unified Theoretical Framework for Predicting Multiscale Biodiversity Patterns from Trait‑Interaction Networks
Bailey Davis,Species Interaction Ecology,Integrative Genomic and Network Approaches to Decipher Multi‑Trophic Interaction Dynamics under Climate Change
Jamie Singh,Biodiversity Synthesis,"Integrating Multi‑Scale Genomic, Trait, and Environmental Data to Model Global Biodiversity Patterns and Forecast Climate‑Change Responses"
Riley Garcia,Biodiversity in the Anthropocene,Functional Resilience of Pollinator Communities to Climate-Driven Land‑Use Change in the Anthropocene
Bailey Garcia,Theory in Biodiversity Science,Mathematical Frameworks for Predicting Community Assembly Dynamics under Climate Change
Sam O'Hara,Biodiversity in the Anthropocene,Integrative Genomic‑Ecological Modeling of Species Resilience under Accelerating Anthropogenic Pressures
Dana Kumar,Theory in Biodiversity Science,Scaling Laws and Emergent Dynamics of Multi‑Trophic Biodiversity Networks under Global Change Pressures
Reese Singh,Biodiversity Conservation,"Integrating Genomic, Landscape, and Socio‑economic Data to Predict and Mitigate Biodiversity Loss in Fragmented Tropical Forests"
Casey Singh,Biodiversity in the Anthropocene,"Integrating Genomic, Functional Trait, and Landscape Modelling to Predict Biodiversity Resilience under Anthropogenic Climate Change"
Cameron Chen,Biodiversity Synthesis,Integrative Modeling of Functional Trait Evolution and Community Assembly in Global Plant Biodiversity under Climate Change
